sadness,pessimism,past_failure,loss_of_pleasure,guilty_feelings,punishment_feelings,self_dislike,self_criticalness,suicidal_thoughts_or_wishes,crying,agitation,loss_of_interest,indecisiveness,worthlessness,loss_of_energy,changes_in_sleeping_pattern,irritability,changes_in_appetite,concentration_difficulty,tiredness_or_fatigue,loss_of_interest_in_sex
cannot_abide,abashed,address,abort,abashed,address,abhor,abhorrent,abate,achievement,abide,abort,accustomed,abut,abort,accustomed,accident,accident,abbreviate,accomplishment,abort
accident,accident,affectation,accomplishment,accident,affectation,assurance,abuse,abrogate,acknowledge,accustomed,accomplishment,acknowledge,address,action,acknowledge,accustomed,accustomed,abide,accustomed,act
act,accomplishment,affiliate,account,accomplishment,ambience,baffle,acuteness,acknowledge,action,acknowledge,achievement,advantageously,adjoin,activity,aeon,acknowledge,acknowledge,abstract,achievement,alert
address,achievement,afraid,achievement,achievement,amore,best,afflictive,act,address,act,action,affliction,adjudicate,agility,aftermath,acrimoniousness,address,accustomed,acknowledge,approximately
advantage,act,allocate,action,action,anticipate,blow,anger,address,affectation,additionally,alert,allow,affectation,alacrity,aftershock,advantage,adjure,acknowledge,action,around
affectation,action,ambience,admire,address,appearance,business,annoy,affirm,affirm,address,almighty,annal,ambience,alertness,allocate,affront,advance,affably,actually,awake
alive,address,appearance,adoration,advantage,ardor,character,appear,angle,alert,affectation,awake,approve,appearance,animation,allow,allow,advantage,affirmatively,afflict,aware
ambience,advantage,apportion,adore,affectation,area,circumvent,around,annihilate,ambience,agitated,aware,approximately,applicative,approximately,apportion,annoyed,advantageously,affliction,allocate,ball
apologetic,adventure,arrest,affection,altogether,around,confidence,atrocious,annul,appearance,agitation,away,arduous,applicatory,around,appreciably,antagonize,allow,allow,allow,blow
appearance,affectation,assume,applaud,ambience,atmosphere,conquer,awful,approbate,approbate,agonize,awol,around,apposite,bag,approve,approve,appetite,almighty,annoyed,border
approximately,aghast,astern,applause,apologetic,attachment,cow,bad,approve,approve,alive,backbreak,arrive,approach,ballgame,arrive,approximately,apply,ambitious,apportion,brink
around,ambience,atmosphere,appreciation,appearance,aura,crush,base,aspire,atmosphere,allow,ball,attractively,apropos,big,astern,around,appreciably,amiably,approve,business
atmosphere,anticipate,attach,apprise,ardor,bear,despise,beastly,attempt,aura,allure,beat,authorize,apt,bit,authorize,arrive,approve,amicably,arrive,cause
aura,anxious,aura,approbation,atmosphere,bide,disappointed,begin,awareness,bear,almighty,blow,averseness,arbitrate,border,away,authorize,approximately,appropriately,attach,close
averse,appearance,await,approval,attachment,capable,discomfite,blame,baleful,bell,along,bolt,bad,associable,brink,awol,bitter,ardor,approve,authorize,coition
backward,apprehensive,back,approximately,aura,care,disheartened,blanket,baneful,bellowing,ambience,break,blow,atmosphere,business,back,border,around,arrive,away,coitus
bear,around,bankruptcy,around,bashful,case,dislike,broad,bear,big,animal,business,bold,aura,bustle,beat,brink,arrive,attach,awol,completely
border,atmosphere,bargain,away,bear,closeness,entity,castigation,bloodthirsty,bit,annoy,cause,border,auspicious,capability,beforehand,card,ask,authorize,beat,congress
breathe,aura,barr,awol,blush,commit,esteem,category,bloody,bitsy,anxious,clear,bother,award,capacity,binary,carry,aspiration,backbreak,bent,conscientious
brink,average,bear,beat,care,comportment,flop,censure,buy,bitty,appeal,colossal,break,base,cipher,blab,causticity,attractively,bad,blah,consummately
chance,avocation,break,big,case,concern,flummox,character,call,blast,appearance,conscientious,brink,bear,close,blubber,chafe,authorize,benevolently,bland,copulation
circumstance,away,call,bolt,chagrined,control,frustrated,cold,cancel,blubber,approve,coop,bummer,befitting,commotion,blue,chance,avidity,blue,bolt,crash
close,awe,catch,border,chance,crush,go,come,cannibalistic,call,arrive,courageous,calamity,beneficial,competence,blurt,choleric,beg,break,bother,ear
comportment,awol,chapter,break,circumstance,cut,hate,commence,carcinogenic,complete,astir,crash,card,best,crash,bolt,choose,belly,bummer,break,edge
conscience,bad,check,brink,closeness,damage,individuality,complete,carry,comportment,atmosphere,cut,carry,button,dash,break,circumstance,beseech,calamity,bromidic,effect
continue,base,come,clear,comportment,demeanor,loathe,comprehensive,cast,countenance,attach,deed,challenging,come,deal,burble,close,bid,captivation,burn,enthrall
contrite,bear,complete,close,concern,deportment,lose,confront,chance,cry,aura,dog,choose,compare,edge,card,confirm,border,card,carry,entirely
dejected,beat,comportment,crash,conscience,devotion,marrow,contemptible,comprehension,crying,away,duck,chronicle,comportment,energy,carry,convulse,brink,catastrophe,categorically,exiguous
dejection,bide,congenital,cut,contrite,effect,master,content,concentrate,deed,backbreak,enthrall,close,connect,enough,century,credite,butter,charmingly,choose,exploit
demeanor,bit,conjecture,deed,couple,emotion,overcome,contingency,conduct,demeanor,bear,escape,clutch,consider,enough_energy,chance,cross,call,cheerfully,clear,far
deportment,bitterness,consanguine,deference,crestfallen,endearment,overpower,corruption,contemplate,deportment,berserk,execution,competently,consummately,enterprise,change,current,card,choose,cliched,fascinate
depressed,black,consanguineous,delight,crush,equal,overthrown,crime,countenance,diminutive,beset,exiguous,completely,contact,essentially,changeabout,customary,carry,chop,cloy,flop
despondency,blanch,consummate,diminutive,debase,expect,overwhelmed,crisis,covet,drum,bother,exploit,conclusion,contemptible,exiguous,chat,displease,chance,cipher,come,flummox
disconsolate,bolt,count,disappear,deed,feel,personality,critical,cruel,dwarf,breathe,fade,confirm,decide,exploit,chatter,edge,change,cleave,common,fornication
disinclined,break,cross,dog,define,fine,quintessence,criticalness,dangerous,effect,burden,far,confusion,decree,fairness,choose,effect,changeabout,clip,conclusively,fully
dismal,cast,cut,duck,demean,flavor,regard,criticize,deal,entire,bustling,fascinate,contretemp,degrade,far,clear,endorse,choose,clutch,confirm,glue
doldrum,casualty,default,dwarf,demeanor,forfeiture,respect,crossroad,death,execution,campaign,feat,conventional,dejected,flurry,confirm,enrage,circumstance,colossal,conventional,go
downcast,chance,demeanor,edge,deportment,friendliness,rout,crucial,deathly,exploit,card,flee,credite,demeanor,force,consequence,essentially,claim,comply,coop,good
downhearted,cheerless,deportment,effect,desire,friendship,ruin,curse,deleterious,fancy,carry,flop,crunch,deplorable,function,conventional,establish,close,compress,cornball,greatest
dumps,class,distribute,enjoy,devotion,good,self,dangerous,deport,favor,choose,flummox,current,deportment,game,coop,exacerbate,competently,concentrate,cornfed,ground
edge,clear,divide,escape,discomfite,grade,soul,debasement,design,feat,clash,fly,customary,determine,go,credite,exasperate,completely,concentration,corny,grounds
effect,coincidence,divine,essentially,disconcerted,hanker,spirit,decisive,destroy,feel,cleave,forceful,dawdle,dishonorable,good,current,far,confirm,condense,credite,hang
endure,cold,downright,esteem,distraught,heart,subjugate,defamation,destructive,flap,colossal,gargantuan,death,earth,greatest,customary,fashionable,contest,confirm,current,heedful
essentially,comfortless,drop,estimation,distressed,impression,substance,delinquency,direct,flash,comply,get,decision,echo,happen,cut,favorable,conventional,constant,customary,hook
far,common,effect,execution,effect,inclination,surmount,demandingness,disestablish,flavor,comportment,gigantic,degree,effect,haste,sleep_data,ferocious,crave,contract,cut,immerse
favorable,comportment,end,exploit,embarrassed,itch,thwart,derision,dissolve,forewarning,confirm,go,delay,emptiness,hoopla,date,fierce,craving,contretemp,decidedly,imperceptible
feel,contingency,entertain,extol,emotion,kindness,trounce,derive,end,go,conflict,ground,demand,entirely,hopper,day,fiery,credite,conventional,decisively,impose
flavor,cowardly,entire,fade,endearment,lie,undone,desecration,endeavor,gospel,conjointly,grounds,demurral,expedient,idea,degree,fortune,current,convivially,deed,inconsequential
fortune,crumble,fail,far,entirely,like,vanquish,desperate,eradicate,groan,conjunction,hang,detail,exploit,imperceptible,digit,fume,customary,courageous,definitely,inconsiderable
gloom,cut,failure,favor,exactly,linger,wash,despicable,erase,high,constant,hard,detection,fawn,impose,direction,furious,degree,crave,dejection,infrequent
gloominess,dark,familial,feat,execution,look,wipe,dilemma,expunge,hold,contest,heedful,determination,feel,inconsequential,disappear,gall,demand,credite,depression,injustice
glumness,daunt,family,flee,exploit,love,worsted,dire,extinguish,impose,continue,heroic,difficult,felicitous,inconsiderable,distribute,good,desire,crunch,disappear,insufficient
go,death,feel,fly,express,make,lost_confidence,disgusting,extirpate,impression,controversy,hightail,difficulty,fit,industry,divide,greatest,direction,current,discomfort,intent
good,declasse,figure,fondness,favorable,manage,disappointed,displease,fancy,infinitesimal,conventional,hook,disaster,fitting,infrequent,divvy,hateful,double,curtail,distribute,intercourse
greatest,deed,fine,get,feat,manner,dislike,dispraise,fatal,injustice,courageous,huge,distress,flavor,injustice,dog,heat,doubleback,customary,divide,interest
guilty,demeanor,flat,glorification,feel,mannerism,worst,distress,fate,insignificant,crazed,human,doubt,flesh,insufficient,double,honor,drive,cut,divvy,interested
heart,deportment,bad_flavor,go,feel_guilty,mien,disrespect,dump,favor,itsy,crucify,humanity,downer,forlorn,lean,doubleback,hot,eagerness,death,dog,intimacy
heavy,destination,forecast,good,flavor,mood,disdain,duress,finish,itty,crusade,humankind,drag,fortunate,less,doze,huffy,earnestness,decrease,doubtless,job
hesitant,destiny,foresee,greatest,flustered,passion,,emanate,fix,lament,current,immerse,dubiety,frivolousness,life,duck,ill,edge,desire,drag,justification
hold,dicey,foretaste,highly,fortune,pause,,emerge,focus,lamentation,customary,imperceptible,edge,fruitlessness,liveliness,duration,impassioned,effect,detection,duck,lean
impression,disappear,foretell,hightail,friendliness,penalty,,emergency,fortuna,little,dazzle,impressive,effect,fully,loss,earlier,incense,effectively,determination,dull,less
indisposed,discourage,forward,homage,friendship,pose,,encompass,fortune,look,debate,inconsequential,effectively,germane,many,early,indignant,emulation,devote,dumb,less_
inhabit,discouraging,free,honor,fully,power,,encounter,go,manner,delirious,inconsiderable,elaborate,groveling,meager,endorse,inflame,endorse,difficulty,ear,listen
last,disheartened,full,idolatry,good,predilection,,ensue,gospel,mannerism,demeanor,infrequent,endorse,hangdog,middling,epoch,infuriate,energy,digest,easily,lookout
live,disheartening,genealogical,idolization,guilty,presence,,entity,grasp,mayday,demented,insufficient,energetic,helpful,minor,era,irascible,enterprise,diminish,endorse,lose
loath,dismal,grownup,impose,hanker,propensity,,essence,grim,microscopic,deportment,intent,equivocation,hollowness,minority,escape,irate,enthusiasm,disaster,enough,loss
look,dismay,gun,infinitesimal,heart,property,,essentia,harmful,midget,devote,interest,essentially,human,minute,establish,ireful,entreat,distress,escape,love
low,distressed,halt,injustice,hesitant,punish,,essential,hold,mien,disagreement,interested,establish,humanity,motion,exiguous,irritability,essentially,downer,establish,make
luck,distrust,hold,insignificant,humble,punishment,,essentiality,homicidal,mini,dispute,job,evil,humankind,movement,face,irritable,establish,downsize,everyday,many
manner,disturb,hope,itsy,humbled,puppy,,exploit,idea,miniature,distraught,jump,exacting,humiliate,much,fade,irritated,exiguous,drag,exactly,meager
mannerism,doom,hunch,jump,humiliate,quality,,exploitation,inhibit,minikin,distress,justification,excitement,idea,near,far,kosher,face,dream,execution,middling
melancholy,doubt,impression,leave,impression,regard,,extensive,injurious,minimum,distressed,laborious,explanation,idleness,negligible,fashionable,legit,far,eager,exhaust,mindful
mien,drear,inborn,like,inclination,remain,,extremity,intellect,minuscular,draw,lean,exploit,impinge,nigh,first,luck,fashionable,endorse,exhaustion,minor
mood,dreary,inbred,little,individual,rest,,face,intelligence,minuscule,effect,leave,far,impose,occasional,flee,madden,favorable,engagement,exploit,minority
moodiness,duck,infinite,look,itch,semblance,,fault,intend,minute,effective,less,fashionable,impression,occupation,fly,much,finer,engrossment,fade,minute
mope,effect,inherite,loss,kindness,sentiment,,fix,internecine,mood,efficacious,listen,find,ineffectiveness,operation,followup,near,fire,enthrallment,fashionable,motive
mournfulness,endeavor,innate,love,like,shine,,flow,invalidate,move,endorse,lookout,finer,ineffectuality,paltry,foolishly,neighborhood,food,establish,fatigue,much
move,enterprise,insolvency,make,look,soft,,follow,judgment,negligible,endure,lose,fluctuation,injustice,part,forefront,nigh,fortune,evil,fatigued,near
much,entertainment,interrupt,marvel,love,sojourn,,foul,kibosh,nod,establish,loss,flurry,join,petty,foremost,normal,get,eye,feat,negligible
near,escape,joke,microscopic,luck,solicitude,,give,kill,none,exertive,make,formidable,kosher,piddle,forward,occasion,go,faithful,flat,neighborhood
point,even,jump,mini,manner,spot,,global,knowledge,one,faithful,man,fortune,legit,plan,freedom,offend,good,fascination,flee,nigh
pose,execution,knock,miniature,mannerism,stay,,grave,lady,operation,fascination,many,fumbling,lie,plenty,front,okay,greater,fashionable,fly,observant
practical,expect,lay,minikin,many,stick,,grim,lethal,pee,fashionable,meager,good,look,point,generation,opportunity,greatest,favorably,get,occasional
practically,exploit,lineal,minimum,mark,stop,,grody,level,performance,feel,middling,grandiose,low,power,get,orthodox,greatly,find,go,paltry
presence,fade,look,minuscular,meek,take,,gross,like,petite,flash,mighty,greater,man,practical,gibber,outrage,hanker,follow,hackneyed,part
pretty_bad,faint,lot,minuscule,mien,tarry,,hairy,luck,pint,flavor,mindful,greatest,manner,practically,go,part,hit,forceful,hat,petty
prevail,fair,man,minute,mood,tenderness,,happen,malignant,plaint,flow,minor,hard,mannerism,pretty,greatly,pass,honor,fortune,hell,piddle
regretful,feat,manner,move,mortified,tone,,hardship,mean,pocket,follow,minority,hardship,match,process,gush,point,hope,fulfill,high,point
relatively,feel,mannerism,much,move,wait,,hateful,mortal,pose,force,minute,hawing,material,proposition,hangover,popular,hunger,gargantuan,hightail,practical
reluctant,flavor,maternal,near,muddle,warmth,,head,mortiferous,presence,forceful,mortality,hemming,meaninglessness,purpose,hightail,practical,imperceptible,genially,hokey,practically
remain,flee,measure,negligible,numerous,weakness,,heinous,murderous,property,frantic,motive,hesitancy,mien,racket,honor,practically,implore,gigantic,honor,preoccupy
remorseful,fluke,mete,neighborhood,operation,yen,,hellish,negate,puny,frenetic,move,history,miserable,rare,hour,prefer,inconsequential,good,hum,pretty
rest,fly,mien,nigh,opportunity,feel_may_punished,,hit,notion,pygmy,fulfill,negligible,honor,mood,reaction,imperceptible,pretty,inconsiderable,graciously,humdrum,procreation
roughly,foot,mood,obeisance,particular,expect_punished,,horrible,noxious,quality,function,observant,hubbub,mortality,relatively,incoherently,provoke,infrequent,hang,impose,purpose
sad,fortuity,nullify,operation,passion,feel_punished,,horrid,nullify,recognize,furthermore,occasional,hurting,near,requisiteness,inconsequential,purpose,initiative,hanker,injustice,rare
sadness,fortune,old,part,penitent,pain,,imperativeness,obliterate,relish,gargantuan,operation,impose,neighbor,response,inconsiderable,rage,insufficient,happily,insipid,rationale
semblance,freeze,outright,performance,performance,harm,,impose,overthrow,scramble,gigantic,paltry,impressive,next,roughly,infrequent,rancor,itch,hard,irk,rationalization
shot,frightened,past,petite,pose,hurt,,include,overturn,scream,go,people,indecision,opportune,rush,insufficient,receive,keenness,hardship,irritated,reason
show,funereal,paternal,pleasure,precise,beat,,inclusive,perception,semblance,grieve,performance,indecisiveness,outcast,scant,interim,recognize,kosher,heed,jaded,regard
sight,future,person,pocket,predilection,fault,,individuality,perform,shout,harass,petty,indisposition,parallel,scanty,interval,regular,lean,heroic,jump,regardful
sorry,gamble,plan,point,presence,degrade,,injustice,pernicious,sign,hard,piddle,industrious,people,scarce,iot,relatively,legit,hold,kaput,relation
spirit,game,plenary,practical,propensity,,,insult,pestiferous,signal,harrow,preoccupy,injustice,pertinent,scarcely,jabber,resentful,less,honor,kosher,relatively
stand,get,pose,practically,property,,,invective,pestilent,single,hasty,pull,irresolution,pitiable,scatter,jump,rile,livelihood,huge,languor,roughly
stay,gloomy,prepare,praise,purely,,,issue,pestilential,siren,heed,quit,jam,point,scene,kosher,roughly,long,humoredly,leave,sake
stricken,go,presence,pretty,quality,,,jam,plan,size,heroic,rare,jinx,pointlessness,seldom,lead,rudeness,love,hurting,legit,scant
stroke,good,prevision,prize,regard,,,juncture,poisonous,slight,hold,rationale,knock,pose,semioccasional,lean,sanction,luck,immersion,lot,scanty
subsist,grade,print,pull,regretful,,,kick,prohibit,sob,honor,rationalization,kosher,presence,short,leave,sarcasm,lust,impressive,make,scarce
substantially,grim,prognosticate,puny,regular,,,knife,propose,squeal,huge,reason,legit,profitable,sight,legit,sarcasticness,maintenance,intentness,measure,scarcely
survive,hack,promise,purpose,reluctant,,,libel,purpose,step,hysterical,regard,lofty,property,skimpy,leisure,shot,many,involvement,mete,scatter
time,hap,property,quit,repentant,,,life,put,stock,impel,regardful,lowdown,propitious,slender,less,show,markedly,jam,money,seldom
tone,haphazard,prophesy,rate,semblance,,,light,quash,sum,impression,run,luck,purpose,slight,liberty,sight,meager,jinx,move,semioccasional
uneager,happen,pure,recognition,sentiment,,,loathsome,recognize,swallow,impressive,sake,make,quality,slim,life,sore,middling,keep,mundane,sex
unhappiness,hard,quality,regard,several,,,lousy,relish,take,include,scant,misery,rate,space,lifetime,splenetic,minor,kindly,noplace,sexual
unhappy,harsh,quit,relatively,shame,,,marrow,repeal,teensy,inhabit,scanty,misfortune,relevant,sparse,lot,standard,minority,knock,normal,short
unwilling,hazard,ration,relish,shamefaced,,,meet,repudiate,teeny,insane,scarce,misgive,resemble,spirit,make,storming,minute,kosher,nose,sight
upset,head,rearward,respect,sheepish,,,member,rescind,thing,irk,scarcely,mishap,right,sporadic,many,straight,much,laborious,nowhere,skimpy
verge,hearted,receivership,reverence,shine,,,misapplication,revoke,tip,keep,scatter,mistrust,rule,stingy,markedly,stroke,near,legit,okay,slender
well,hightail,run,roughly,shot,,,misconduct,ruthless,tocsin,laborious,scram,much,semblance,stir,meager,substantially,negligible,lessen,old,slight
woebegone,hit,scrap,run,show,,,misdeed,savage,tone,lacerate,seldom,narration,senselessness,straggling,measure,sulky,neighborhood,limit,operation,slim
feel_sad_much_time,hobby,scratch,savor,shy,,,mishandle,scrub,total,last,semioccasional,narrative,servile,stunt,mete,sullen,nigh,long,ordinary,space
sad_time,hopeless,scrub,scarce,singular,,,mismanage,set,totality,legit,short,near,settle,substantially,middling,temper,normal,loyal,orthodox,sparse
sad_unhappy_stand,horrified,see,scram,soft,,,misuse,sight,trifling,likewise,skedaddle,neck,similar,sufficiency,minor,time,noticeably,luck,pabulum,sporadic
cannot_bear,imperfect,semblance,sight,solicitude,,,nauseating,slant,trumpet,live,skimpy,neighborhood,society,suitableness,minority,tout,nutriment,maintain,pall,stingy
misfortune,impose,share,size,sorry,,,necessity,slaying,trust,look,skip,nigh,species,thin,minute,tumultous,nutrition,mighty,pass,straggling
opportunity,impression,sheer,skedaddle,special,,,need,squelch,truth,loyal,slender,normal,submissive,tolerableness,moment,tumultuous,occasion,mind,pedestrian,studious
no_opportunity,indifferent,simple,skip,specific,,,needfulness,stamp,undertake,mad,slight,okay,suitable,trifling,moon,turbulent,occasional,misery,performance,substantially
lack_of_opportunity,injustice,straight,slight,specify,,,obloquy,steer,use,magnetism,slim,orthodox,suite,trip,mouth,universal,okay,misfortune,pester,thin
open,intimidate,string,slip,spot,,,obnoxious,stock,wail,maintain,slip,oscillation,target,turmoil,much,unopposed,opportunity,mishap,platitudinous,thoroughly
part,job,suppose,sneak,stammering,,,occur,strive,warning,manner,sneak,pain,thoroughly,uncommon,mumble,uptight,orthodox,mutually,popular,toe
persist,joyless,supreme,gone_south,step,,,odious,subvert,wee,mannerism,society,part,tone,unfrequent,murmur,usual,overturn,narrow,positively,trifling
place,jump,terminate,split,stricken,,,offend,suicidal,weensy,martyr,south,pass,touch,use,mutter,verge,paltry,naturedly,precisely,uncommon
virtually,junk,thorough,steal,stroke,,,offense,supersede,weep,mien,space,pause,universe,verge,negligible,vex,part,neck,prefer,unfrequent
,kismet,tone,step,stutter,,,offensive,suppress,whistle,mighty,sparse,picture,use,vicinity,nonsensically,vicinity,pass,normal,pull,use
,labor,total,substantially,submissive,,,opprobrium,swallow,whole,mind,species,play,useful,vigor,normal,virtually,passion,nutshell,put,utterly
,leave,totemic,take,sundry,,,originate,take,wrong,mobile,split,point,utterly,vim,noticeably,vitriolicism,petition,obey,quit,verge
,linger,tribal,teensy,tenderness,,,outrage,target,yell,mood,sporadic,poison,verge,virtually,occasion,welcome,petty,obligingly,ration,vicinity
,lonely,unabridge,teeny,thing,,,panoptic,terminate,cry_used,moreover,steal,popular,wholly,vitality,occasional,well,piddle,observe,really,vigilant
,look,unadulterated,thing,time,,,pass,think,cry_every_little_thing,movable,step,practical,world,vivacity,offshoot,wrathful,plead,occupation,receive,virtually
,lot,unconditional,treasure,tone,,,personality,thought,feel_like_crying,move,stingy,practically,worthless,well,okay,irritable_usual,point,okay,recognize,vive
,lottery,unlimited,trifling,totally,,,perversion,toxic,tears,normal,straggling,prefer,worthlessness,widely,opportunity,much_irritable_usual,policy,orthodox,regular,wash
,lousy,unqualified,undertake,undertake,,,pinch,train,tearful,obey,strenuous,preferably,worthwhile,work,orthodox,irritable_time,popular,pain,right,watchful
,low,unrestrict,use,upwards,,,pique,trust,eye,observe,studious,pretentious,wretched,wrong,overturn,snap,practical,pass,run,well
,luck,utter,value,utterly,,,plight,truth,out,obtain,take,pretty,wrong,zero,paltry,snappy,practically,peacefully,sanction,wholly
,lucky,visualize,vamoose,various,,,point,try,bawl,okay,thin,procrastination,consider_worthwhile_useful_used,less_energy_used,pass,anger,pray,pencil,scarce,widely
,make,wait,vanish,warmth,,,predicament,undo,,operate,thing,pronouncement,feel_worthless_compared_people,enough_energy_much,patter,trying,prefer,pleasingly,scram,wipe
,manner,woman,veneration,weakness,,,pressingness,unrelenting,,operative,toe,purpose,feel_utterly_worthless,enough_energy_anything,petty,frustration,preferably,poison,send,word
,mannerism,failed,verge,wholly,,,pressure,vacate,,oppress,tough,qualm,value,exhaustion,piddle,,pretension,politely,share,wrong
,mean,look_back_see_lot_failures,vicinity,feel_guilty_many_things_done_done,,,prostitution,venomous,,orthodox,trifling,receive,no_value,worn,place,,pretty,popular,skedaddle,less_interested_sex_used
,mediocre,feel_total_failure_person,virtually,feel_quite_guilty_time,,,provoke,violent,,overwrought,uncommon,recital,,tired,policy,,propose,practice,skip,much_less_interested_sex
,melancholy,pain,wee,feel_guilty_time,,,push,virulent,,pain,undertake,recognize,,sleep,popular,,proposition,prefer,sleep,lost_interest_sex_completely
,middling,disappointment,weensy,remorse,,,put,void,,pass,unfrequent,regular,,fatigue,prate,,purpose,preoccupation,slip,drive
,mien,blame,well,sin,,,quandary,want,,persist,universe,relatively,,,prattle,,push,pursue,sluggishness,sex_drive
,misandry,regret,wonder,culpable,,,quintessence,wheel,,pester,vamoose,reluctance,,,prefer,,question,put,sneak,partner
,misanthropy,,wonderment,stigma,,,repellent,wipe,,pizzazz,vanish,report,,,preference,,rare,raptness,south,arouse
,misfortune,,worship,responsible,,,reprehensible,wish,,place,vigilant,reverse,,,previously,,rather,receive,split,arousal
,mood,,wrong,inaction,,,reproach,zap,,plague,vigorous,roughly,,,prior,,receive,recognize,square,
,mournful,,enjoy_things_much_used,,,,repugnant,zero,,play,vive,ruling,,,pull,,recognize,reduce,stale,
,move,,get_little_pleasure_things_used_enjoy,,,,repulsive,zoom,,popular,wash,run,,,quit,,refer,regular,standard,
,nervous,,get_pleasure_things_used_enjoy,,,,requirement,thoughts_killing_would_carry,,pose,watchful,sanction,,,rant,,regular,respect,steal,
,occupation,,fun,,,,result,would_like_kill,,power,widely,score,,,rare,,relatively,restrict,step,
,occurrence,,enjoy,,,,revilement,would_kill_chance,,practice,wipe,scruple,,,rather,,remarkably,reverse,stereotyped,
,odd,,empty,,,,revolting,unalive,,prefer,word,settlement,,,ration,,repeal,sanction,stock,
,operation,,,,,,rise,pain,,presence,world,severe,,,rave,,require,satisfactorily,straight,
,oppressive,,,,,,rotten,commit,,press,zero,sight,,,rearward,,resort,seek,string,
,ordinary,,,,,,scold,remove,,prevail,less_interested_people_things,skepticism,,,receive,,retraction,skid,stupid,
,outcome,,,,,,scrape,,,process,lost_interest_people_things,skid,,,recognize,,reversal,slash,sure,
,paltry,,,,,,self,,,progressive,hard_get_interested_anything,sorrow,,,regular,,reverse,snip,surely,
,panic,,,,,,serious,,,property,bored,stammering,,,remarkably,,right,sorrow,take,
,pastime,,,,,,set,,,push,boring,standard,,,repeal,,roughly,stand,talk,
,pause,,,,,,severe,,,quality,empty,story,,,retraction,,sanction,standard,tedious,
,peradventure,,,,,,shoulder,,,rack,tedious,straight,,,reversal,,scant,straight,thing,
,performance,,,,,,signify,,,rapid,dull,strenuous,,,reverse,,scanty,strenuous,time,
,peril,,,,,,sin,,,rattle,monotonous,stumbling,,,run,,scarce,strive,tired,
,perplex,,,,,,slander,,,rave,,stutter,,,sanction,,scarcely,struggle,tiredness,
,perturb,,,,,,sleazy,,,receive,,substantially,,,scant,,scatter,suffering,tout,
,pessimism,,,,,,slight,,,recognize,,suffering,,,scanty,,seldom,summarize,tripe,
,petrified,,,,,,soul,,,regular,,superior,,,scarce,,semioccasional,support,trite,
,poorer,,,,,,spirit,,,remain,,tab,,,scarcely,,short,sympathetically,troubled,
,pose,,,,,,spring,,,respect,,take,,,scatter,,shot,time,truly,
,presence,,,,,,start,,,rest,,tale,,,scram,,show,tough,turn,
,project,,,,,,stem,,,restless,,thoroughly,,,seldom,,sight,tout,unambiguously,
,property,,,,,,stinking,,,roll,,time,,,semioccasional,,skimpy,trial,unconditionally,
,pull,,,,,,stress,,,run,,tough,,,share,,slender,trim,undertake,
,quality,,,,,,substance,,,rushing,,tout,,,short,,slight,trouble,unimaginative,
,quit,,,,,,sudden,,,rustling,,travail,,,siesta,,slim,truncate,universal,
,racket,,,,,,swear,,,sanction,,trial,,,skedaddle,,solicit,try,unopposed,
,rattle,,,,,,sweeping,,,semblance,,trouble,,,skimpy,,somewhat,uncover,unoriginal,
,remain,,,,,,taunt,,,shift,,turmoil,,,skip,,space,unearthing,unquestionably,
,rent,,,,,,terrible,,,shook,,uncover,,,sleep,,sparse,universal,use,
,rest,,,,,,texture,,,simmere,,unearthing,,,sleep_somewhat,,spirit,unopposed,usual,
,risk,,,,,,tirade,,,smite,,universal,,,slender,,sporadic,usual,vamoose,
,run,,,,,,total,,,speed,,unopposed,,,slight,,standard,vigorous,vanish,
,sad,,,,,,turn,,,speedy,,unwillingness,,,slim,,stingy,vogue,vapid,
,sarcasm,,,,,,upbraid,,,stand,,use,,,slip,,straggling,want,vapidity,
,scarce,,,,,,urgency,,,standard,,usual,,,sneak,,straight,welcome,vapidness,
,scared,,,,,,urgent,,,star,,vacillation,,,snooze,,strike,well,vex,
,scene,,,,,,use,,,stay,,verdict,,,somewhat,,strive,wish,vogue,
,scheme,,,,,,vex,,,still,,verge,,,south,,stroke,wonderfully,washy,
,scram,,,,,,vicissitude,,,straight,,version,,,space,,stuff,worm,water,
,second,,,,,,vile,,,streaming,,vicinity,,,span,,submit,worst,watery,
,semblance,,,,,,vilification,,,strenuous,,virtually,,,spare,,subsistence,yearn,wear,
,shocked,,,,,,vital,,,strife,,visionary,,,sparse,,substantially,zero,weariness,
,skedaddle,,,,,,vituperation,,,strike,,vogue,,,spill,,superior,concentrate_well_usual,weary,
,skip,,,,,,want,,,subsist,,waver,,,split,,supplicate,hard_keep_mind_anything_long,welcome,
,slip,,,,,,wide,,,support,,way,,,sporadic,,support,find_concentrate_anything,wishy,
,sneak,,,,,,widespread,,,survive,,welcome,,,squeal,,sustenance,focus,worried,
,sojourn,,,,,,wretched,,,swarming,,well,,,standard,,switch,distracted,wrong,
,somber,,,,,,wrong,,,time,,whole,,,steal,,thin,unable,zero,
,sorry,,,,,,wrongdoing,,,together,,worm,,,stingy,,thirst,,get_tired_fatigued_easily_usual,
,south,,,,,,zero,,,tone,,worst,,,straggling,,thoroughly,,tired_fatigued_lot_things_used,
,split,,,,,,zinger,,,top,,wrong,,,straight,,time,,tired_fatigued_things_used,
,spook,,,,,,critical_used,,,torment,,find_difficult_make_decisions_usual,,,substantially,,tout,,nap,
,startle,,,,,,criticize_faults,,,torture,,much_greater_difficulty_making_decisions_used,,,suitable,,trifling,,,
,stay,,,,,,blame_everything_bad_happens,,,tough,,trouble_making_decisions,,,sweet,,turn,,,
,steal,,,,,,disdain,,,tout,,unclear,,,switch,,turnabout,,,
,step,,,,,,disrespect,,,travel,,uncertain,,,take,,turnaround,,,
,stick,,,,,,worst,,,trouble,,,,,talk,,uncommon,,,
,stiff,,,,,,inferior,,,try,,,,,tattle,,unfrequent,,,
,stop,,,,,,suck,,,turn,,,,,thin,,universal,,,
,stricken,,,,,,nothing,,,unbalanced,,,,,time,,unopposed,,,
,stroke,,,,,,everything,,,unhinged,,,,,tout,,urge,,,
,stun,,,,,,boring,,,universal,,,,,trail,,usual,,,
,stunt,,,,,,too,,,unopposed,,,,,trifling,,verge,,,
,substandard,,,,,,ugly,,,upset,,,,,trivialize,,vicinity,,,
,suspicious,,,,,,,,,usual,,,,,turn,,vigor,,,
,tail,,,,,,,,,vigorous,,,,,turnabout,,virtually,,,
,take,,,,,,,,,vogue,,,,,turnaround,,vogue,,,
,tarry,,,,,,,,,walk,,,,,uncommon,,volte,,,
,task,,,,,,,,,welcome,,,,,unfrequent,,way,,,
,tawdry,,,,,,,,,well,,,,,unit,,welcome,,,
,terrified,,,,,,,,,wit,,,,,universal,,well,,,
,terror,,,,,,,,,witchcraft,,,,,unopposed,,widely,,,
,thing,,,,,,,,,witchery,,,,,usual,,yearn,,,
,throw,,,,,,,,,withal,,,,,vamoose,,zeal,,,
,timid,,,,,,,,,work,,,,,vanish,,appetite_somewhat_less_usual,,,
,timorous,,,,,,,,,worry,,,,,vogue,,appetite_somewhat_greater_usual,,,
,tone,,,,,,,,,wound,,,,,volte,,appetite_much_less,,,
,toss,,,,,,,,,feel_restless_wound_usual,,,,,wake,,appetite_much_greater_usual,,,
,trembling,,,,,,,,,restless_agitated_hard_stay_still,,,,,welcome,,appetite,,,
,trip,,,,,,,,,restless_agitated_keep_moving_something,,,,,well,,crave_food_time,,,
,turn,,,,,,,,,,,,,,whenever,,diet,,,
,undertake,,,,,,,,,,,,,,widely,,loss,,,
,undertakings,,,,,,,,,,,,,,wink,,lost,,,
,unpromising,,,,,,,,,,,,,,yak,,junk,,,
,upset,,,,,,,,,,,,,,yakkety,,fat,,,
,use,,,,,,,,,,,,,,sleep_somewhat_usual,,mouth,,,
,vamoose,,,,,,,,,,,,,,sleep_somewhat_less_usual,,,,,
,vanish,,,,,,,,,,,,,,sleep_lot_usual,,,,,
,venture,,,,,,,,,,,,,,sleep_iot_less_usual,,,,,
,wait,,,,,,,,,,,,,,sleep_day,,,,,
,way,,,,,,,,,,,,,,wake_hours_early_get_back_sleep,,,,,
,work,,,,,,,,,,,,,,yakkety_yak,,,,,
,worried,,,,,,,,,,,,,,tired,,,,,
,worse,,,,,,,,,,,,,,terror,,,,,
,wretched,,,,,,,,,,,,,,night_terror,,,,,
,wrong,,,,,,,,,,,,,,dreams,,,,,
,feel_discouraged_future_used,,,,,,,,,,,,,,doze,,,,,
,expect_things_work,,,,,,,,,,,,,,,,,,,
,feel_future_hopeless_get_worse,,,,,,,,,,,,,,,,,,,
,funeral,,,,,,,,,,,,,,,,,,,
,jobless,,,,,,,,,,,,,,,,,,,
,misogyny,,,,,,,,,,,,,,,,,,,
,unemployed,,,,,,,,,,,,,,,,,,,