feel,mental_control,anxious,relaxness,restlessness,irritability,fearness
abashed,abdicate,abashed,bother,additionally,acrimoniousness,abhorrent
address,able,abnormal,confusion,alive,actually,activity
affectation,abnormal,accomplishment,excitement,almighty,affront,address
aghast,adept,achievement,flurry,along,aggregate,adeptness
alar,administer,action,hubbub,astir,annoyed,affectation
ambience,agonize,aghast,laze,backbreak,antagonize,afraid
anxious,annoy,agonize,loll,boot,approach,agape
appearance,atypical,alar,lounge,bustling,approximate,agog
apprehensive,back,annoy,relax,care,attach,alar
arous,bail,anxious,sun,colossal,become,allure
atmosphere,base,apprehensive,sunbathe,conjointly,bitter,amazed
aura,beset,approximately,swim,conjunction,categorically,ambience
awe,bizarre,around,travail,courageous,causticity,animal
bear,boss,arous,trouble,effective,chafe,anxious
blanch,bother,atypical,turmoil,efficacious,check,appalled
cold,bow,awe,warm,exertive,choleric,appeal
comportment,brainy,base,trouble_relaxing,fidget,come,appear
cow,burden,beset,unwind,flow,conclusively,appearance
cowardly,carry,bizarre,unwinding,force,convulse,astonished
daunt,color,blanch,chill,forceful,correspond,astounded
demeanor,conduct,border,chill_out,function,cross,atmosphere
deportment,consummate,bother,switch_off,furthermore,decidedly,atrocious
discourage,control,brink,difficulty,gargantuan,decisively,aura
disheartened,cool,burden,hard,gigantic,definitely,awestruck
dismay,co-opt,close,,go,develop,awful
distressed,cop,cold,,guard,displease,bad
disturb,crack,color,,hard,doubtless,base
edge,crucify,cow,,hasty,easily,bear
effect,cultivate,cowardly,,heroic,effect,beastly
faint,cut,crucify,,huge,enough,begin
feel,desert,daunt,,impel,enrage,bent
flavor,deviant,death,,impressive,equivalent,capability
freeze,different,deed,,include,exacerbate,come
frightened,direct,deviant,,itch,exactly,command
hearted,discard,different,,heeby_jeeby,exasperate,commence
hone,discontinue,discourage,,laborious,extend,comportment
horrified,distress,disheartened,,likewise,ferocious,confound
impression,ditch,dismay,,manner,fierce,contemptible
intimidate,driver,distress,,mighty,fiery,craft
look,drop,distressed,,mobile,fume,crop
manner,duck,disturb,,moreover,furious,curse
mannerism,dump,edge,,movable,gall,deftness
mien,dust,effect,,move,grow,demeanor
mood,execute,essentially,,operate,hateful,deportment
nervous,expert,execution,,operative,heat,derive
panic,flake,exploit,,play,hell,despicable
perplex,flaky,faint,,process,high,disgusting
perturb,fly,far,,progressive,hot,dismay
petrified,gift,feat,,push,huffy,draw
pose,give,flaky,,rapid,ill,dumbfounded
presence,go,freeze,,restless,impassioned,effect
property,goodbye,frightened,,restlessness,incense,emanate
put,govern,good,,roll,indignant,emerge
quality,grieve,greatest,,run,inflame,ensue
rattled,hand,grieve,,rushing,infuriate,expertise
run,harass,harass,,rustling,irascible,expertness
scared,harrow,harrow,,shift,irate,fascination
semblance,head,hearted,,simmer,ireful,feel
shocked,herd,horrified,,sit,irritability,finess
spook,hip,intimidate,,speed,irritable,flair
startle,hold,irk,,speedy,irritated,flash
stiff,irk,lacerate,,still,madden,flavor
stricken,lacerate,line,,streaming,match,flow
stun,leave,martyr,,strenuous,mean,follow
suspicious,leg,mental,,swarming,money,foul
taper,let,move,,take,nose,frightened
terrified,line,much,,tend,number,gift
terror,loose,near,,together,offend,goods
timid,martyr,nervous,,top,outrage,grim
timorous,masterly,nigh,,tough,pique,grody
tone,mental,nonstandard,,travel,positively,gross
trembling,nonstandard,odd,,turn,precisely,hairy
upset,odd,operation,,vigorous,provoke,handiness
worried,oppress,oppress,,walk,purport,happen
feeling_nervous_anxious_edge,opt,pain,,watch,rage,hateful
perceive,oversee,panic,,well,rancor,head
sense,pain,part,,withal,reach,heinous
detect,peculiar,peculiar,,work,really,hellish
empathy,pester,performance,,restless_hard_sit_still,resentful,horrible
emotion,plague,perplex,,amped,right,horrid
feelings,polish,perturb,,tense,rile,horror
,practice,pester,,jumpy,rival,impression
,press,petrified,,agitated,rudeness,ingenuity
,proficient,plague,,,sarcasm,issue
,psycho,point,,,sarcasticness,knack
,pull,practical,,,sore,know
,quit,practically,,,splenetic,light
,rack,press,,,storming,loathsome
,rein,pretty,,,straight,look
,render,psycho,,,string,lousy
,ride,purpose,,,sulky,magnetism
,run,quite,,,sullen,manner
,saddle,rack,,,sum,mannerism
,savvy,rattle,,,sure,mastery
,screw,relatively,,,surely,mien
,seat,roughly,,,tally,mind
,sharp,run,,,tantamount,mood
,ship,scared,,,temper,nauseating
,show,shocked,,,thing,obnoxious
,sit,sight,,,total,occur
,skillful,smite,,,touch,odious
,smite,spook,,,truly,offensive
,stop,startle,,,tumultous,originate
,storm,step,,,tumultuous,overwhelmed
,strange,stiff,,,turbulent,particular
,strike,strange,,,unambiguously,pose
,string,stricken,,,unconditionally,power
,superintend,strike,,,unquestionably,presence
,supervise,stun,,,uptight,proficiency
,surrender,substantially,,,vex,property
,take,suspicious,,,vitriolicism,quality
,talented,terrified,,,wrathful,repellent
,throw,terror,,,becoming_easily_annoyed_irritable,reprehensible
,top,thing,,,angry,repugnant
,torment,timid,,,frustrated,repulsive
,torture,timorous,,,trying,result
,trouble,torment,,,testing,revolting
,try,torture,,,snap,right
,unusual,trembling,,,snappy,rise
,vacate,trouble,,,,rotten
,walk,try,,,,savvy
,wash,undertake,,,,semblance
,weird,unusual,,,,set
,whip,upset,,,,shocked
,wire,verge,,,,skill
,wise,vicinity,,,,skillfulness
,withdraw,virtually,,,,sleazy
,worry,weird,,,,spring
,wound,well,,,,star
,yield,worried,,,,start
,able_stop_control_worrying,worry,,,,startle
,uncontrollable,wound,,,,stem
,sane,worrying_much_different_things,,,,stinking
,insane,afraid,,,,strength
,handle,concerned,,,,strike
,power,fearful,,,,stuff
,powerless,uneasy,,,,stun
,command,breathing,,,,take
,,panic_attack,,,,talent
,,,,,,terrible
,,,,,,terrified
,,,,,,thunderstruck
,,,,,,tone
,,,,,,vile
,,,,,,witchcraft
,,,,,,witchery
,,,,,,wretched
,,,,,,feeling_afraid_something_awful_might_happen
,,,,,,nervous
,,,,,,dread
,,,,,,foreboding
,,,,,,scared
,,,,,,worried